/*
SQLyog Ultimate v10.42 
MySQL - 5.5.5-10.1.13-MariaDB : Database - unpam_db
*********************************************************************
*/

/*!40101 SET NAMES utf8 */;

/*!40101 SET SQL_MODE=''*/;

/*!40014 SET @OLD_UNIQUE_CHECKS=@@UNIQUE_CHECKS, UNIQUE_CHECKS=0 */;
/*!40014 SET @OLD_FOREIGN_KEY_CHECKS=@@FOREIGN_KEY_CHECKS, FOREIGN_KEY_CHECKS=0 */;
/*!40101 SET @OLD_SQL_MODE=@@SQL_MODE, SQL_MODE='NO_AUTO_VALUE_ON_ZERO' */;
/*!40111 SET @OLD_SQL_NOTES=@@SQL_NOTES, SQL_NOTES=0 */;
CREATE DATABASE /*!32312 IF NOT EXISTS*/`unpam_db` /*!40100 DEFAULT CHARACTER SET latin1 */;

USE `unpam_db`;

/*Table structure for table `admin` */

DROP TABLE IF EXISTS `admin`;

CREATE TABLE `admin` (
  `id_admin` int(8) NOT NULL AUTO_INCREMENT,
  `NIK` varchar(8) DEFAULT NULL,
  `nama_admin` varchar(50) DEFAULT NULL,
  `password` varchar(25) DEFAULT NULL,
  `alamat` text,
  `email` varchar(50) DEFAULT NULL,
  `no_tlpn` varchar(15) DEFAULT NULL,
  `tgl_lahir` date DEFAULT NULL,
  `level` int(1) DEFAULT NULL,
  PRIMARY KEY (`id_admin`)
) ENGINE=InnoDB AUTO_INCREMENT=2 DEFAULT CHARSET=latin1;

/*Data for the table `admin` */

insert  into `admin`(`id_admin`,`NIK`,`nama_admin`,`password`,`alamat`,`email`,`no_tlpn`,`tgl_lahir`,`level`) values (1,'adm001','Riky','81dc9bdb52d04dc20036dbd83','Pamulang','rikycloud@gmail.com','089670751141','2016-02-07',1);

/*Table structure for table `dosen` */

DROP TABLE IF EXISTS `dosen`;

CREATE TABLE `dosen` (
  `id_dosen` int(8) NOT NULL AUTO_INCREMENT,
  `id_matakuliah` int(8) DEFAULT NULL,
  `NIK` varchar(10) DEFAULT NULL,
  `nama_dosen` varchar(50) DEFAULT NULL,
  `gender` enum('L','P') DEFAULT NULL,
  `no_tlpn` varchar(20) DEFAULT NULL,
  `email` varchar(50) DEFAULT NULL,
  `password` varchar(25) DEFAULT NULL,
  `alamat` text,
  `agama` varchar(20) DEFAULT NULL,
  `tgl_lahir` date DEFAULT NULL,
  `level` int(1) DEFAULT NULL,
  PRIMARY KEY (`id_dosen`)
) ENGINE=MyISAM AUTO_INCREMENT=88 DEFAULT CHARSET=latin1;

/*Data for the table `dosen` */

insert  into `dosen`(`id_dosen`,`id_matakuliah`,`NIK`,`nama_dosen`,`gender`,`no_tlpn`,`email`,`password`,`alamat`,`agama`,`tgl_lahir`,`level`) values (2,2,'d002','Yulianti S.KOM 2','P','089670751141','yulianti.saifudin@yahoo.co.id','81dc9bdb52d04dc20036dbd83','Pamulang','Islam','2016-02-08',2),(1,1,'d001','Sri Mulyati S.KOM','P','081310660874','sri@gmail.com','81dc9bdb52d04dc20036dbd83','pamulang','Islam','2016-03-10',2),(65,9,'d003','yulia','P','3232323','emaildosen@gmail.com','81dc9bdb52d04dc20036dbd83','pamulang 2','Islam','2016-04-04',2);

/*Table structure for table `kelas` */

DROP TABLE IF EXISTS `kelas`;

CREATE TABLE `kelas` (
  `id_kelas` int(8) NOT NULL AUTO_INCREMENT,
  `kode_kelas` varchar(20) DEFAULT NULL,
  PRIMARY KEY (`id_kelas`)
) ENGINE=InnoDB AUTO_INCREMENT=3 DEFAULT CHARSET=latin1;

/*Data for the table `kelas` */

insert  into `kelas`(`id_kelas`,`kode_kelas`) values (1,'05TPLMC'),(2,'04TPLME');

/*Table structure for table `krs_mahasiswa` */

DROP TABLE IF EXISTS `krs_mahasiswa`;

CREATE TABLE `krs_mahasiswa` (
  `id_krs_mahasiswa` int(8) NOT NULL AUTO_INCREMENT,
  `id_mahasiswa` int(8) DEFAULT NULL,
  `id_kelas` int(8) DEFAULT NULL,
  `id_dosen` int(8) DEFAULT NULL,
  `id_matakuliah` int(8) DEFAULT NULL,
  PRIMARY KEY (`id_krs_mahasiswa`),
  KEY `id_kelas` (`id_kelas`),
  CONSTRAINT `krs_mahasiswa_ibfk_1` FOREIGN KEY (`id_kelas`) REFERENCES `kelas` (`id_kelas`)
) ENGINE=InnoDB AUTO_INCREMENT=14 DEFAULT CHARSET=latin1;

/*Data for the table `krs_mahasiswa` */

insert  into `krs_mahasiswa`(`id_krs_mahasiswa`,`id_mahasiswa`,`id_kelas`,`id_dosen`,`id_matakuliah`) values (1,8,1,2,2),(2,8,2,1,1),(4,10,2,1,1),(6,18,2,1,1),(7,18,1,2,2),(8,NULL,NULL,2,2),(9,NULL,NULL,1,1),(10,NULL,NULL,1,1),(11,9,1,2,2),(13,8,2,65,9);

/*Table structure for table `latihan` */

DROP TABLE IF EXISTS `latihan`;

CREATE TABLE `latihan` (
  `id_latihan` int(8) NOT NULL AUTO_INCREMENT,
  `id_posting` int(8) NOT NULL,
  `id_mahasiswa` int(8) NOT NULL,
  `id_dosen` int(8) DEFAULT NULL,
  `jawaban` text COLLATE utf8_unicode_ci NOT NULL,
  `koreksi` text COLLATE utf8_unicode_ci NOT NULL,
  `read_by_user` enum('0','1') COLLATE utf8_unicode_ci DEFAULT '0',
  `read_by_dosen` enum('0','1') COLLATE utf8_unicode_ci DEFAULT '0',
  `date` datetime DEFAULT NULL,
  PRIMARY KEY (`id_latihan`),
  KEY `id_posting` (`id_posting`)
) ENGINE=MyISAM AUTO_INCREMENT=71 DEFAULT CHARSET=utf8 COLLATE=utf8_unicode_ci;

/*Data for the table `latihan` */

insert  into `latihan`(`id_latihan`,`id_posting`,`id_mahasiswa`,`id_dosen`,`jawaban`,`koreksi`,`read_by_user`,`read_by_dosen`,`date`) values (69,21,8,1,'jawab','','1','0','2016-03-29 11:12:28'),(70,37,8,65,'Jawaban sya','diterima','1','1','2016-04-09 08:26:52'),(68,26,8,1,'edewferf','','1','0','2016-03-29 10:32:20');

/*Table structure for table `mahasiswa` */

DROP TABLE IF EXISTS `mahasiswa`;

CREATE TABLE `mahasiswa` (
  `id_mahasiswa` int(8) NOT NULL AUTO_INCREMENT,
  `NIM` varchar(10) DEFAULT NULL,
  `nama_mahasiswa` varchar(50) DEFAULT NULL,
  `gender` enum('L','P') DEFAULT NULL,
  `no_tlpn` varchar(20) DEFAULT NULL,
  `email` varchar(50) DEFAULT NULL,
  `password` varchar(25) DEFAULT NULL,
  `alamat` text,
  `agama` varchar(20) DEFAULT NULL,
  `tgl_lahir` date DEFAULT NULL,
  `level` int(1) DEFAULT '3',
  PRIMARY KEY (`id_mahasiswa`)
) ENGINE=MyISAM AUTO_INCREMENT=27 DEFAULT CHARSET=latin1;

/*Data for the table `mahasiswa` */

insert  into `mahasiswa`(`id_mahasiswa`,`NIM`,`nama_mahasiswa`,`gender`,`no_tlpn`,`email`,`password`,`alamat`,`agama`,`tgl_lahir`,`level`) values (8,'2012140416','Riky Susanto','L','089670751141','rikycloud@gmail.com','81dc9bdb52d04dc20036dbd83','Jl. Hahi Rean, Rt 01/001 No 44 Benda - Baru, Pamulang, Tangerang Selatan','Islam','2016-04-01',3),(9,'2012140119','Putri Tanzilla','P','085780521948','tanzilla29@gmail.com','81dc9bdb52d04dc20036dbd83','Jl. WR Supratman gg kramat Rt 009/010 no 11 Rengas Ciputat Timur, Tangerang Selatan','Islam','1990-02-05',3),(10,'2012140127','Rohmat Kumaidi','L','08988969484','rohmadkumaidi@gmail.com','81dc9bdb52d04dc20036dbd83','Jl. Salak Pondok Benda, Pamulang, Tangerang Selatan','Islam','1991-08-23',3),(11,'2012140263','Arum','L','081298151784','arum99@gmail.com','81dc9bdb52d04dc20036dbd83','Jl. Inpres 10. No 19B Ciledug Tangerang 15154','Islam','1995-06-17',3),(12,'2012140395','Surya Haryadi','L','089509930303','surya.hy54@gmail.com','81dc9bdb52d04dc20036dbd83','Jl. Sawangan Baru, Depok ','Islam','1990-05-16',3);

/*Table structure for table `matakuliah` */

DROP TABLE IF EXISTS `matakuliah`;

CREATE TABLE `matakuliah` (
  `id_matakuliah` int(8) NOT NULL AUTO_INCREMENT,
  `nama_matkul` varchar(100) DEFAULT NULL,
  `id_kelas` int(8) DEFAULT NULL,
  PRIMARY KEY (`id_matakuliah`)
) ENGINE=MyISAM AUTO_INCREMENT=10 DEFAULT CHARSET=latin1;

/*Data for the table `matakuliah` */

insert  into `matakuliah`(`id_matakuliah`,`nama_matkul`,`id_kelas`) values (1,'Pemrograman 1',2),(2,'Pemrograman 2',1),(7,'kalkulus',15);

/*Table structure for table `posting` */

DROP TABLE IF EXISTS `posting`;

CREATE TABLE `posting` (
  `id_posting` int(8) NOT NULL AUTO_INCREMENT,
  `id_dosen` int(8) DEFAULT NULL,
  `title` varchar(150) DEFAULT NULL,
  `intro` varchar(150) DEFAULT NULL,
  `isi` text,
  `create_date` datetime DEFAULT NULL,
  `latihan` text NOT NULL,
  `enable` enum('0','1') DEFAULT '1',
  PRIMARY KEY (`id_posting`)
) ENGINE=MyISAM AUTO_INCREMENT=38 DEFAULT CHARSET=latin1;

/*Data for the table `posting` */

insert  into `posting`(`id_posting`,`id_dosen`,`title`,`intro`,`isi`,`create_date`,`latihan`,`enable`) values (24,1,'Operator','Operator adalah simbol yang digunakan untuk pengoperasian terhadap operand. Terdiri dari:','<p>Operator adalah simbol yang digunakan untuk pengoperasian terhadap operand. Terdiri dari:</p>\r\n<p>1.&nbsp;Operator penugasan, pemberian nilai ke variabel Contoh:</p>\r\n<p>int nil=10; int a,b,c; a=b=c=5</p>\r\n<p>2. Operator matematika (aritmatika), digunakan dalam ekspresi matematika</p>\r\n<p>* , / , % , + , -</p>\r\n<p>3. Operator increamentatau decreament</p>\r\n<p>++ , --</p>\r\n<p>4. Operator relasional, digunakan untuk membandingkan nilai</p>\r\n<p>&gt; , &lt; , &gt;= , &lt;=, !=</p>\r\n<p>5. Operatorlogika, untuk melakukan operasi pada operand yang bertipe data boolean</p>\r\n<p>&amp;&amp; , || , == , !=</p>\r\n<p>6. Operator ?: (if &ndash; then &ndash; else)</p>\r\n<p>Operator ini digunakan jika ada opsi (pilihan) dalam proses Bentuk umum:</p>\r\n<p>(kondisi) ? Ekspresi_benar : ekspresi_salah</p>\r\n<p>Contoh: Nilai = (x &gt; y)? x/10: x*20;</p>','2016-02-22 11:15:05','','1'),(21,1,'Type Data','Tipe data primitif adalah tipe data dasar. Tipe data ini terdiri dari 8 yang dikelompokkan menjadi 4 kelompok.','<p>Tipe data Java dibagi menjadi dua kategori</p>\r\n<p>1.&nbsp;Tipe data primitif</p>\r\n<p>2. Tipe data referensi</p>\r\n<p>&nbsp;</p>\r\n<p>&nbsp; &nbsp; Tipe data primitif adalah tipe data dasar. Tipe data ini terdiri dari 8 yang dikelompokkan menjadi 4 kelompok.</p>\r\n<p>1. Integer, tipe bilangan bulat (byte, short, int, long)</p>\r\n<p>2. Floating point, tipe data bilangan pecahan (float, double)</p>\r\n<p>3. Karakter, terdiri dari sebuah karakter (char) String merupakan kumpulan dari karakter. String bukan merupakan tipe data primitif, tapi sebuah class</p>\r\n<p>4. Boolean, tipe data dengan nilai true/false (boolean)</p>\r\n<p>&nbsp;</p>\r\n<p>&nbsp; &nbsp;&nbsp;Tipe data referansi digunakan dalam OOP atau Object Oriented Programming. Tipe data ini digunakan untuk mereferensikan object atau class tertentu, seperti String, class, interface, dan array. Dengan adanya Tipe Data Referensi ini, kita dapat membuat tipe data sesuai kebutuhan kita sendiri. Beberapa tipe data referansi adalah :</p>\r\n<p>1. Array</p>\r\n<p>2. Class</p>\r\n<p>3.&nbsp;Interface</p>\r\n<p>&nbsp;</p>','2016-02-22 08:59:47','menurut anda apa yang dimaksut dengan type data?','1'),(26,1,'Penggunaan IF','Percabangan adalah suatu pilihan atau opsi dengan kondisi tertentu. Jika kondisi yang menjadi syarat terpenuhi, maka opsi atau pilihan dijalankan, jik','<p>Percabangan adalah suatu pilihan atau opsi dengan kondisi tertentu. Jika kondisi yang menjadi syarat terpenuhi, maka opsi atau pilihan dijalankan, jika tidak maka sebaliknya.</p>\r\n<p>\r\n</p>\r\n<ul>\r\n\r\n<li>IF = Percabangan if ini digunakan jika kita memiliki&nbsp;<strong>satu pernyataan&nbsp;</strong>yang akan dijalankan dengan syarat tertentu. Sintaks if seperti berikut:</li>\r\n\r\n</ul>\r\n<p>\r\n</p>\r\n<p>if (kondisi) {</p>\r\n<p>\r\n</p>\r\n<p>pernyataan</p>\r\n<p>\r\n</p>\r\n<p>}</p>\r\n<p>\r\n</p>\r\n<p>&nbsp;</p>\r\n<p>\r\n</p>\r\n<p>Jika Kondisi benar, maka pernyataan akan dijalankan.</p>\r\n<p>\r\n</p>\r\n<p>Contoh</p>\r\n<p>\r\n</p>\r\n<p>&nbsp;</p>\r\n<p>\r\n</p>\r\n<p>public class test{</p>\r\n<p>\r\n</p>\r\n<p>public static void main (String[] args){</p>\r\n<p>\r\n</p>\r\n<p>int a=0;</p>\r\n<p>\r\n</p>\r\n<p>if (a==0)</p>\r\n<p>\r\n</p>\r\n<p>System.out.println(\"Nilai a=0\");</p>\r\n<p>\r\n</p>\r\n<p>if (a==1)</p>\r\n<p>\r\n</p>\r\n<p>System.out.println(\"Nilai a=0\");</p>\r\n<p>\r\n</p>\r\n<p>}</p>\r\n<p>\r\n</p>\r\n<p>}</p>\r\n<p>\r\n</p>\r\n<p>&nbsp;</p>\r\n<p>\r\n</p>\r\n<p>Output : Program akan menampilkan nilai a=0 saja, karena pada if yang kedua, kondisi tidak memenuhi atau salah.</p>','2016-03-23 06:25:45','Buat program menggunakan if sederhana yang menampilkan nilai 1-10 HANYA nilai GENAP','1'),(27,1,'Penggunaan IF-ELSE','Percabangan if else digunakan saat kita memiliki dua pernyataan dengan syarat tertentu.','<p>Percabangan IF Else digunakan saat kita memiliki dua pernyataan dengan syarat tertentu. Sintaks if-else sebagai berikut:</p>\r\n<p>if (kondisi) {</p>\r\n<p style=\"padding-left: 30px;\">pernyataan 1</p>\r\n<p>} else {</p>\r\n<p style=\"padding-left: 30px;\">pernyataan 2</p>\r\n<p>}</p>\r\n<p>Jika hasil dari if benar, maka pernyataan 1 yang dijalankan, sedangkan jika salaah, pernyataan dua yang akan dijalankan.</p>\r\n<p>Contoh:</p>\r\n<p>public class test{</p>\r\n<p style=\"padding-left: 30px;\">public static void main (String[] args){</p>\r\n<p style=\"padding-left: 60px;\">int a=0;</p>\r\n<p style=\"padding-left: 60px;\">if (a=0){</p>\r\n<p style=\"padding-left: 90px;\">System.out.println(\"Nilai a=0\");</p>\r\n<p style=\"padding-left: 60px;\">}else{</p>\r\n<p style=\"padding-left: 90px;\">System.out.println(\"Nilai a=1\");</p>\r\n<p style=\"padding-left: 60px;\">}</p>\r\n<p style=\"padding-left: 30px;\">}</p>\r\n<p>}</p>\r\n<p>&nbsp;</p>\r\n<p>Output program akan menampilkan nilai a=0, karena kondisi if bernilai benar, jika pada inisialisasi nilai a tidak bernilai 0, maka program akan menampilkan nilai a=1.</p>','2016-03-23 15:12:45','Buat program if-else sederhana','1'),(28,1,'Penggunaan elseif','Percabangan yang digunakan saat kita memiliki banyak kondisi (lebih dari 2) dan banyak pernyataan (lebih dari 2).','<p><span style=\"color: #525252; font-family: Arimo; font-size: 15.4px; line-height: 21.56px;\">Percabangan yang digunakan saat kita memiliki banyak kondisi (lebih dari 2) dan banyak pernyataan (lebih dari 2). Sintaks dari elseif sebagai berikut:</span></p>\r\n<p><span style=\"color: #525252; font-family: Arimo; font-size: 15.4px; line-height: 21.56px;\">if (kondisi1){</span></p>\r\n<p style=\"padding-left: 30px;\"><span style=\"color: #525252; font-family: Arimo; font-size: 15.4px; line-height: 21.56px;\">pernyataan1;</span></p>\r\n<p><span style=\"color: #525252; font-family: Arimo; font-size: 15.4px; line-height: 21.56px;\">}elseif (kondisi2) {</span></p>\r\n<p style=\"padding-left: 30px;\"><span style=\"color: #525252; font-family: Arimo; font-size: 15.4px; line-height: 21.56px;\">pernyataan2;</span></p>\r\n<p><span style=\"color: #525252; font-family: Arimo; font-size: 15.4px; line-height: 21.56px;\">}else{</span></p>\r\n<p style=\"padding-left: 30px;\"><span style=\"color: #525252; font-family: Arimo; font-size: 15.4px; line-height: 21.56px;\">pernyataan3;</span></p>\r\n<p><span style=\"color: #525252; font-family: Arimo; font-size: 15.4px; line-height: 21.56px;\">}</span></p>\r\n<p><span style=\"color: #525252; font-family: Arimo; font-size: 15.4px; line-height: 21.56px;\">&nbsp;</span></p>\r\n<p><span style=\"color: #525252; font-family: Arimo; font-size: 15.4px; line-height: 21.56px;\">Jika kondisi1 benar, maka pernyataan1 akan dijalankan, jika kondisi2 benar, maka pernyataan2 akan dijalankan, jika semua kondisi salah, maka pernyataan3 yang akan dijalankan saja.</span></p>\r\n<p><span style=\"color: #525252; font-family: Arimo; font-size: 15.4px; line-height: 21.56px;\"><strong>Contoh:</strong><br /></span></p>\r\n<p style=\"padding-left: 30px;\"><span style=\"color: #525252; font-family: Arimo; font-size: 15.4px; line-height: 21.56px;\">public class test{</span></p>\r\n<p style=\"padding-left: 60px;\"><span style=\"color: #525252; font-family: Arimo; font-size: 15.4px; line-height: 21.56px;\">public static void main (String[] args){</span></p>\r\n<p style=\"padding-left: 90px;\"><span style=\"color: #525252; font-family: Arimo; font-size: 15.4px; line-height: 21.56px;\">int a=2;</span></p>\r\n<p style=\"padding-left: 90px;\"><span style=\"color: #525252; font-family: Arimo; font-size: 15.4px; line-height: 21.56px;\">if (a==0){</span></p>\r\n<p style=\"padding-left: 120px;\"><span style=\"color: #525252; font-family: Arimo; font-size: 15.4px; line-height: 21.56px;\">System.out.println(\"Nilai a=0\");</span></p>\r\n<p style=\"padding-left: 90px;\"><span style=\"color: #525252; font-family: Arimo; font-size: 15.4px; line-height: 21.56px;\">}elseif (a==1){</span></p>\r\n<p style=\"padding-left: 120px;\"><span style=\"color: #525252; font-family: Arimo; font-size: 15.4px; line-height: 21.56px;\">System.out.println(\"Nilai a=1\");</span></p>\r\n<p style=\"padding-left: 90px;\"><span style=\"color: #525252; font-family: Arimo; font-size: 15.4px; line-height: 21.56px;\">}else{</span></p>\r\n<p style=\"padding-left: 120px;\"><span style=\"color: #525252; font-family: Arimo; font-size: 15.4px; line-height: 21.56px;\"><span style=\"font-size: 15.4px; line-height: 21.56px;\">System.out.println(\"Nilai a=2\");</span></span></p>\r\n<p style=\"padding-left: 90px;\"><span style=\"color: #525252; font-family: Arimo; font-size: 15.4px; line-height: 21.56px;\"><span style=\"font-size: 15.4px; line-height: 21.56px;\">}</span></span></p>\r\n<p style=\"padding-left: 60px;\"><span style=\"color: #525252; font-family: Arimo; font-size: 15.4px; line-height: 21.56px;\"><span style=\"font-size: 15.4px; line-height: 21.56px;\">}</span></span></p>\r\n<p style=\"padding-left: 30px;\"><span style=\"color: #525252; font-family: Arimo; font-size: 15.4px; line-height: 21.56px;\"><span style=\"font-size: 15.4px; line-height: 21.56px;\">}</span></span></p>\r\n<p style=\"padding-left: 30px;\">&nbsp;</p>\r\n<p><strong><span style=\"color: #525252; font-family: Arimo; font-size: 15.4px; line-height: 21.56px;\"><span style=\"font-size: 15.4px; line-height: 21.56px;\">Output :</span></span></strong><span style=\"color: #525252; font-family: Arimo; font-size: 15.4px; line-height: 21.56px;\"><span style=\"font-size: 15.4px; line-height: 21.56px;\">&nbsp;Program akan menampilkan nilai a=2, karena kondisi1 dan kondisi2 tidak memenuhi.</span></span></p>','2016-03-23 15:24:03','Buat contoh program menggunakan elseif sederhana.','1'),(29,1,'Penggunaan Switch-case','Percabangan yang digunakan saat kita memiliki banyak kondisi (lebih dari 2) dan banyak pernyataan (lebih dari 2).','<p>Percabangan yang digunakan saat kita memiliki banyak kondisi (lebih dari 2) dan banyak pernyataan (lebih dari 2). sebenarnya switch-case ini hampir sama dengan elseif, hanya saja sintaksnya yang berbeda. Sintaks switch-case sebagai berikut:</p>\r\n<p>switch (variabel){</p>\r\n<p style=\"padding-left: 30px;\">case nilai1: pernyataan1;</p>\r\n<p style=\"padding-left: 30px;\">break;</p>\r\n<p style=\"padding-left: 30px;\">case nilai2: pernyataan2;</p>\r\n<p style=\"padding-left: 30px;\">break;</p>\r\n<p style=\"padding-left: 30px;\">default:pernyataan3;</p>\r\n<p>}</p>\r\n<p>Jika nilai variabel yang ditunjuk bernilai sesuai nilai1, maka pernyataan1 akan dijalankan, jika nilai variabel yang ditunjuk bernilai sesuai nilai2, pernyataan2 dijalankan, jika tidak, maka pernyataan3 yang akan dijalankan.</p>\r\n<p>&nbsp;</p>\r\n<p><strong>Contoh:</strong></p>\r\n<p style=\"padding-left: 30px;\">public class test{</p>\r\n<p style=\"padding-left: 60px;\">public static void main(String[] args){</p>\r\n<p style=\"padding-left: 90px;\">int a=3;</p>\r\n<p style=\"padding-left: 90px;\">&nbsp;</p>\r\n<p style=\"padding-left: 90px;\">switch(a){</p>\r\n<p style=\"padding-left: 120px;\">case 1:</p>\r\n<p style=\"padding-left: 150px;\">System.out.println(\"Nilai a=1\");</p>\r\n<p style=\"padding-left: 150px;\">break;</p>\r\n<p style=\"padding-left: 120px;\">case 2:</p>\r\n<p style=\"padding-left: 150px;\">System.out.println(\"Nilai a=2\");</p>\r\n<p style=\"padding-left: 150px;\">break;</p>\r\n<p style=\"padding-left: 120px;\">case 3:</p>\r\n<p style=\"padding-left: 150px;\">System.out.println(\"Nilai a=3\");</p>\r\n<p style=\"padding-left: 150px;\">break;</p>\r\n<p style=\"padding-left: 120px;\">default:</p>\r\n<p style=\"padding-left: 150px;\">System.out.println(\"Nilai a=4\");</p>\r\n<p style=\"padding-left: 150px;\">break;</p>\r\n<p style=\"padding-left: 120px;\">}</p>\r\n<p style=\"padding-left: 90px;\">}</p>\r\n<p style=\"padding-left: 60px;\">}</p>\r\n<p><strong>Output:&nbsp;</strong>Program akan menampilkan nilai a=2 saja, karena kondisi bernilai benar, perhatikan break dibelakang pernyataan, jika break ini dihapus, maka semua pernyataan akan dijalankan. Break digunakan untuk keluar dari switch-case saat 1 pernyataan sudah dijalankan.</p>\r\n<p>&nbsp;</p>','2016-03-23 15:36:02','Buat Program pemesanan makanan menggunakan switch-case dengan ketentuan sebagai berikut:\r\n- Paket a = Rp 17.000 (Nasi, Paha atas Ayam, Air mineral)\r\n- Paket b = Rp 19.000 (Nasi, Dada Ayam, Air mineral)\r\n- Paket c = Rp 21.000 (Nasi, Paha Atas ayam, Es teh manis)','1'),(30,1,'Pengulangan (Looping) - For','Digunakan untuk melakukan proses yang memerlukan pengulangan (proses yang akan diulang beberapa kali)','<p>Looping digunakan untuk melakukan proses yang memerlukan pengulangan (proses yang akan diulang beberapa kali)</p>\r\n<p>&nbsp;</p>\r\n<p><strong>For :</strong></p>\r\n<p><strong>Bentuk Umum:</strong></p>\r\n<p>for(nilai_awal;kondisi;step)</p>\r\n<p>{</p>\r\n<p>...............</p>\r\n<p>...............</p>\r\n<p>}</p>\r\n<p>&nbsp;</p>\r\n<p><strong>Contoh penggunaan For:</strong></p>\r\n<p>public class test{</p>\r\n<p style=\"padding-left: 30px;\">public static void main(String args[]){</p>\r\n<p style=\"padding-left: 60px;\">int i;</p>\r\n<p style=\"padding-left: 60px;\">for(i=5;i&gt;=1;i-) {</p>\r\n<p style=\"padding-left: 90px;\">System.out.println(i);</p>\r\n<p style=\"padding-left: 60px;\">}</p>\r\n<p style=\"padding-left: 30px;\">}</p>\r\n<p>}</p>\r\n<p><strong>OUTPUT:</strong></p>\r\n<p>5</p>\r\n<p>4</p>\r\n<p>3</p>\r\n<p>2</p>\r\n<p>1</p>\r\n<p>&nbsp;</p>\r\n<p>&nbsp;</p>','2016-03-23 15:59:23','Buat program menggunakan for sederhana','1'),(31,1,'Pengulangan (Looping) - while','Digunakan untuk melakukan proses yang memerlukan pengulangan (proses yang akan diulang beberapa kali)','<p>Digunakan untuk melakukan proses yang memerlukan pengulangan (proses yang akan diulang beberapa kali).</p>\r\n<p>Dalam while proses perulangan dilakukan terus menerus ketika suatu pernyataan yang dijalankan sesuai dengan kondisi yang ditetapkan itu benar dalam hal ini pengujian dilakukan terlebih dahulu baru perulangan dilakukan.</p>\r\n<p>&nbsp;</p>\r\n<p><strong>Bentuk Umum:</strong></p>\r\n<p>while(kondisi/syarat)</p>\r\n<p>{</p>\r\n<p>..........</p>\r\n<p>..........</p>\r\n<p>}</p>\r\n<p>&nbsp;</p>\r\n<p><strong>Contoh:</strong></p>\r\n<p style=\"padding-left: 30px;\">public class test{</p>\r\n<p style=\"padding-left: 60px;\">public static void main (String args[]){</p>\r\n<p style=\"padding-left: 90px;\">Scanner masuk = new Scanner(System.in);</p>\r\n<p style=\"padding-left: 90px;\">int i;</p>\r\n<p style=\"padding-left: 90px;\">i=1;</p>\r\n<p style=\"padding-left: 90px;\">while (i&lt;=5){</p>\r\n<p style=\"padding-left: 120px;\">System.out.println(i);</p>\r\n<p style=\"padding-left: 120px;\">i++;</p>\r\n<p style=\"padding-left: 90px;\">}</p>\r\n<p style=\"padding-left: 60px;\">}</p>\r\n<p style=\"padding-left: 30px;\">}</p>\r\n<p>&nbsp;</p>\r\n<p style=\"box-sizing: border-box; margin: 0px 0px 24px; color: #141412; font-family: \'Source Sans Pro\', Helvetica, sans-serif; font-size: 16px; line-height: 24px;\">}</p>\r\n<p style=\"box-sizing: border-box; margin: 0px 0px 24px; color: #141412; font-family: \'Source Sans Pro\', Helvetica, sans-serif; font-size: 16px; line-height: 24px;\"><strong>Output:</strong></p>\r\n<p style=\"box-sizing: border-box; margin: 0px 0px 24px; color: #141412; font-family: \'Source Sans Pro\', Helvetica, sans-serif; font-size: 16px; line-height: 24px;\">1</p>\r\n<p style=\"box-sizing: border-box; margin: 0px 0px 24px; color: #141412; font-family: \'Source Sans Pro\', Helvetica, sans-serif; font-size: 16px; line-height: 24px;\">2</p>\r\n<p style=\"box-sizing: border-box; margin: 0px 0px 24px; color: #141412; font-family: \'Source Sans Pro\', Helvetica, sans-serif; font-size: 16px; line-height: 24px;\">3</p>\r\n<p style=\"box-sizing: border-box; margin: 0px 0px 24px; color: #141412; font-family: \'Source Sans Pro\', Helvetica, sans-serif; font-size: 16px; line-height: 24px;\">4</p>\r\n<p style=\"box-sizing: border-box; margin: 0px 0px 24px; color: #141412; font-family: \'Source Sans Pro\', Helvetica, sans-serif; font-size: 16px; line-height: 24px;\">5</p>\r\n<p style=\"box-sizing: border-box; margin: 0px 0px 24px; color: #141412; font-family: \'Source Sans Pro\', Helvetica, sans-serif; font-size: 16px; line-height: 24px;\">&nbsp;</p>\r\n<p style=\"box-sizing: border-box; margin: 0px 0px 24px; color: #141412; font-family: \'Source Sans Pro\', Helvetica, sans-serif; font-size: 16px; line-height: 24px;\">&nbsp;</p>','2016-03-23 16:17:48','Buat program sederhana menggunakan while','1'),(32,1,'Pengulangan (Looping) - do while','Digunakan untuk melakukan proses yang memerlukan pengulangan (proses yang akan diulang beberapa kali)','<p style=\"text-align: justify;\">Digunakan untuk melakukan proses yang memerlukan pengulangan (proses yang akan diulang beberapa kali).&nbsp;Seperti halnya perulangan dengan while, perulangan dengan do while ini juga digunakan untuk mengerjakan sebuah atau sekelompok pernyataan berulang-ulang. Pengujian terhadap eksekusi baru dilakukan setelah perulangan selesai dilakukan. Bedanya dengan while adalah pernyataan do while akan mengecek kondisi di belakang, sementara while cek kondisi ada di depan.</p>\r\n<p style=\"text-align: justify;\"><strong>Bentuk Umum:</strong></p>\r\n<p style=\"text-align: justify;\">do</p>\r\n<p style=\"text-align: justify;\">{</p>\r\n<p style=\"text-align: justify;\">.............</p>\r\n<p style=\"text-align: justify;\">.............</p>\r\n<p style=\"text-align: justify;\">} while (kondisi/syarat)</p>\r\n<p style=\"text-align: justify;\">&nbsp;</p>\r\n<p style=\"text-align: justify;\"><strong>Contoh:</strong></p>\r\n<p style=\"text-align: justify; padding-left: 30px;\">public class test{</p>\r\n<p style=\"text-align: justify; padding-left: 60px;\">public static void main(String args[]){</p>\r\n<p style=\"text-align: justify; padding-left: 90px;\">Scanner masuk = new Scanner(System.in);</p>\r\n<p style=\"text-align: justify; padding-left: 90px;\">int i;</p>\r\n<p style=\"text-align: justify; padding-left: 90px;\">i=1;</p>\r\n<p style=\"text-align: justify; padding-left: 90px;\">while(i&lt;=10){</p>\r\n<p style=\"text-align: justify; padding-left: 120px;\">System.out.println(i);</p>\r\n<p style=\"text-align: justify; padding-left: 120px;\">i+=2;</p>\r\n<p style=\"text-align: justify; padding-left: 120px;\">}</p>\r\n<p style=\"text-align: justify; padding-left: 60px;\">}</p>\r\n<p style=\"text-align: justify; padding-left: 30px;\">}</p>\r\n<p style=\"text-align: justify;\">&nbsp;</p>\r\n<p style=\"text-align: justify;\"><strong>Output:</strong></p>\r\n<p style=\"text-align: justify;\">1</p>\r\n<p style=\"text-align: justify;\">3</p>\r\n<p style=\"text-align: justify;\">5</p>\r\n<p style=\"text-align: justify;\">7</p>\r\n<p style=\"text-align: justify;\">9</p>\r\n<p style=\"text-align: justify;\">&nbsp;</p>','2016-03-23 16:30:38','Buat contoh program sederhana menggunakan do while','1'),(33,2,'Pengenalan NetBeans','- Aplikasi Konsol\r\n- Aplikasi GUI\r\n','<h3>APLIKASI KONSOL</h3>\r\n<p><strong>New Project</strong></p>\r\n<p>&nbsp;</p>\r\n<p>- Untuk membuat project baru dapat dilakukan dengan memilih :</p>\r\n<p><strong>* Menu File - New Project</strong></p>\r\n<p><strong>* Toolbar New Project</strong></p>\r\n<p><strong>* Ctrl + Shift + N</strong></p>\r\n<p>- Sehingga tampil kotak dialog <strong>New Project</strong>, Setelah itu pilih <strong>Java</strong> untuk Categories, dan <strong>Java Application</strong> untuk Projects</p>\r\n<p>&nbsp;</p>\r\n<p><strong>New Application</strong></p>\r\n<p>&nbsp;</p>\r\n<p>- Pada kotak dialog <strong>New Project</strong>, Klik tombol <strong>Next, </strong>Sehingga tampil kotak dialog&nbsp;<strong>New Application</strong></p>\r\n<p>- Ubah nama project menjadi <strong>PengenalanNetbeans</strong></p>\r\n<p>- Tentukan lokasi penyimpanan project (<strong>Project Location</strong>)</p>\r\n<p>- Kosongkan opsi&nbsp;<strong>Create Main Class</strong>, dan&nbsp;<strong>Set as Main Project</strong> (untuk Netbeans versi 6 atau sebelumnya)</p>\r\n<p>- Klik tombol <strong>Finish</strong> pada kotak dialog <strong>New Application</strong></p>\r\n<p>&nbsp;</p>\r\n<p><strong>Membuat Paket (Package)</strong></p>\r\n<p>&nbsp;</p>\r\n<p>- Paket digunakan untuk mengelompokkan kelas</p>\r\n<p>- Untuk membuat paket, klik kanan pada <strong>nama project</strong>, atau <strong>Source Packages</strong>, dan pilih <strong>New&nbsp;</strong>* <strong>Java Package</strong></p>\r\n<p>- Ubah nama package menjadi <strong>aplikasiKonsol</strong></p>\r\n<p>- Untuk mengakhiri klik <strong>Finish</strong></p>\r\n<p>- Dengan cara yang sama, Buat package dengan nama a<strong>plikasiGui</strong>&nbsp;dan&nbsp;<strong>model</strong></p>\r\n<p>&nbsp;</p>\r\n<p><strong>Membuat Class</strong></p>\r\n<p>&nbsp;</p>\r\n<p>- Untuk membuat class, klik kanan pada <strong>package model</strong></p>\r\n<p>- Pilih&nbsp;<strong>New * Java Class</strong></p>\r\n<p>- Ubah nama class menjadi <strong>Mahasiswa</strong></p>\r\n<p>- Pastikan packagenya <strong>model</strong></p>\r\n<p>- Akhiri dengan mengklik tombol&nbsp;<strong>Finish</strong>, Selanjutnya</p>\r\n<p>- Di dalam class&nbsp;<strong>Mahasiswa</strong> tambahkan properti <strong>nim</strong> dan <strong>nama</strong> bertipe <strong>String</strong>, serta <strong>uts</strong> dan&nbsp;<strong>uas</strong> bertipe&nbsp;<strong>double&nbsp;</strong>dengan &nbsp; &nbsp; akses modifier <strong>private</strong></p>\r\n<p>&nbsp; &nbsp; &nbsp; &nbsp;public class Mahasiswa {</p>\r\n<p>&nbsp; &nbsp; &nbsp; &nbsp;private String nama,nim;</p>\r\n<p>&nbsp; &nbsp; &nbsp; &nbsp;private double uts,uas;</p>\r\n<p>&nbsp;</p>\r\n<p>- Untuk membuat metode asesor (getter) dan mutator (setter), klik kanan di dalam class di bawah properti, pilih&nbsp;<strong>Insert Code</strong></p>\r\n<p>- Pada menu pop up, pilih <strong>Getter</strong> dan&nbsp;<strong>Setter</strong></p>\r\n<p>- Pada kotak dialog beri ceklist pada semua properti yang akan dibuatkan metode asesor dan mutator, kemudian klik &nbsp; &nbsp; &nbsp; &nbsp; &nbsp; &nbsp; &nbsp; tombol&nbsp;<strong>Generate</strong>, hasilnya seperti di bawah ini:</p>\r\n<p>&nbsp;</p>\r\n<p>&nbsp; &nbsp; &nbsp; &nbsp;public class Mahasiswa {</p>\r\n<p>&nbsp; &nbsp; &nbsp; &nbsp;private String nama,nim;</p>\r\n<p>&nbsp; &nbsp; &nbsp; &nbsp;private double uts,uas;</p>\r\n<p>&nbsp;</p>\r\n<p>&nbsp; &nbsp; &nbsp; &nbsp; &nbsp; public String getNama() {</p>\r\n<p>&nbsp; &nbsp; &nbsp; &nbsp; &nbsp; &nbsp; &nbsp; &nbsp;return nama;</p>\r\n<p>&nbsp; &nbsp; &nbsp; &nbsp; &nbsp; }</p>\r\n<p>&nbsp; &nbsp; &nbsp; &nbsp; &nbsp; public void setNama(String nama) {</p>\r\n<p>&nbsp; &nbsp; &nbsp; &nbsp; &nbsp; &nbsp; &nbsp; &nbsp;this.nama = nama;</p>\r\n<p>&nbsp; &nbsp; &nbsp; &nbsp; &nbsp; }</p>\r\n<p>&nbsp; &nbsp; &nbsp; &nbsp; &nbsp; public String getNim() {</p>\r\n<p>&nbsp; &nbsp; &nbsp; &nbsp; &nbsp; &nbsp; &nbsp; return nim;</p>\r\n<p>&nbsp; &nbsp; &nbsp; &nbsp; &nbsp; }</p>\r\n<p>&nbsp; &nbsp; &nbsp; &nbsp; &nbsp; public void setNim(String nim) {</p>\r\n<p>&nbsp; &nbsp; &nbsp; &nbsp; &nbsp; &nbsp; &nbsp; this.nim = nim;</p>\r\n<p>&nbsp; &nbsp; &nbsp; &nbsp; &nbsp; }</p>\r\n<p>&nbsp; &nbsp; &nbsp; &nbsp; &nbsp; public double getUts() {</p>\r\n<p>&nbsp; &nbsp; &nbsp; &nbsp; &nbsp; &nbsp; &nbsp; return uts;</p>\r\n<p>&nbsp; &nbsp; &nbsp; &nbsp; &nbsp; }</p>\r\n<p>&nbsp; &nbsp; &nbsp; &nbsp; &nbsp; public void setUts(double uts) {</p>\r\n<p>&nbsp; &nbsp; &nbsp; &nbsp; &nbsp; &nbsp; &nbsp; this.uts = uts;</p>\r\n<p>&nbsp; &nbsp; &nbsp; &nbsp; &nbsp; }</p>\r\n<p>&nbsp; &nbsp; &nbsp; &nbsp; &nbsp; public double getUas() {</p>\r\n<p>&nbsp; &nbsp; &nbsp; &nbsp; &nbsp; &nbsp; &nbsp; return uas;</p>\r\n<p>&nbsp; &nbsp; &nbsp; &nbsp; &nbsp; }</p>\r\n<p>&nbsp; &nbsp; &nbsp; &nbsp; &nbsp; public void setUas(double uas) {</p>\r\n<p>&nbsp; &nbsp; &nbsp; &nbsp; &nbsp; &nbsp; &nbsp; this.uas = uas;</p>\r\n<p>&nbsp; &nbsp; &nbsp; &nbsp; &nbsp; }</p>\r\n<p>&nbsp; &nbsp; &nbsp; }</p>\r\n<p>&nbsp;</p>\r\n<p>- Untuk metode standar dapat dibangkitkan (generated), sedangkan yang tidak standar harus diketik</p>\r\n<p>- Buat metode untuk menghitung nilai akhir (<strong>getNilaiAkhir</strong>), menghitung grade (<strong>getGrade</strong>), dan menentukan status &nbsp; &nbsp; &nbsp; &nbsp; &nbsp; &nbsp; &nbsp; kelulusan (<strong>getStatusLulus</strong>), source code seperti di bawah</p>\r\n<p>&nbsp;</p>\r\n<p>&nbsp; &nbsp; &nbsp; public double getNilaiAkhir(){</p>\r\n<p>&nbsp; &nbsp; &nbsp; &nbsp; &nbsp; &nbsp;return ((0.4 * uts) + (0.6 * uas));</p>\r\n<p>&nbsp; &nbsp; &nbsp; }</p>\r\n<p>&nbsp; &nbsp; &nbsp; public String getGrade(){</p>\r\n<p>&nbsp; &nbsp; &nbsp; &nbsp; &nbsp; if (getNilaiAkhir() &gt;= 80){</p>\r\n<p>&nbsp; &nbsp; &nbsp; &nbsp; &nbsp; &nbsp; &nbsp; return \"A\";</p>\r\n<p>&nbsp; &nbsp; &nbsp; &nbsp; &nbsp; }else if (getNilaiAkhir() &gt;= 70){</p>\r\n<p>&nbsp; &nbsp; &nbsp; &nbsp; &nbsp; &nbsp; &nbsp; return \"B\";</p>\r\n<p>&nbsp; &nbsp; &nbsp; &nbsp; &nbsp; }else if (getNilaiAkhir() &gt;= 60){</p>\r\n<p>&nbsp; &nbsp; &nbsp; &nbsp; &nbsp; &nbsp; &nbsp; return \"C\";</p>\r\n<p>&nbsp; &nbsp; &nbsp; &nbsp; &nbsp; }else if (getNilaiAkhir() &gt;= 60){</p>\r\n<p>&nbsp; &nbsp; &nbsp; &nbsp; &nbsp; &nbsp; &nbsp; return \"D\";</p>\r\n<p>&nbsp; &nbsp; &nbsp; &nbsp; &nbsp; }else{</p>\r\n<p>&nbsp; &nbsp; &nbsp; &nbsp; &nbsp; &nbsp; &nbsp; return \"E\";</p>\r\n<p>&nbsp; &nbsp; &nbsp; &nbsp; &nbsp; }</p>\r\n<p>&nbsp; &nbsp; &nbsp; }</p>\r\n<p>&nbsp; &nbsp; &nbsp; public String getStatusLulus(){</p>\r\n<p>&nbsp; &nbsp; &nbsp; &nbsp; &nbsp; if (getGrade().equalsIgnoreCase(\"A\") || getGrade().equalsIgnoreCase(\"B\") || getGrade().equalsIgnoreCase(\"C\")){</p>\r\n<p>&nbsp; &nbsp; &nbsp; &nbsp; &nbsp; &nbsp; &nbsp; return \"Lulus\";</p>\r\n<p>&nbsp; &nbsp; &nbsp; &nbsp; &nbsp; }else{</p>\r\n<p>&nbsp; &nbsp; &nbsp; &nbsp; &nbsp; &nbsp; &nbsp; return \"Tidak Lulus\";</p>\r\n<p>&nbsp; &nbsp; &nbsp; &nbsp; &nbsp; }</p>\r\n<p>&nbsp; &nbsp; &nbsp; }</p>\r\n<p>&nbsp; }</p>\r\n<p>&nbsp;</p>','2016-03-23 17:02:41','Buat Project seperti di atas menggunakan netbeans dengan nama project kalian masing-masing?','1'),(34,2,'Pengenalan NetBeans 2','Aplikasi Konsol (Package aplikasiKonsol)','<p>&nbsp; &nbsp; &nbsp;&nbsp;<span style=\"text-indent: -0.25in; font-family: Arial, sans-serif;\">&bull;<span style=\"font-stretch: normal; font-size: 7pt; font-family: \'Times New Roman\';\">&nbsp;&nbsp;&nbsp;&nbsp;&nbsp;&nbsp; </span></span><span style=\"text-indent: -0.25in;\">Untuk membuat aplikasi konsol, klik kanan pada package aplikasikonsol</span></p>\r\n<p class=\"MsoNormal\" style=\"margin-left: .5in; text-indent: -.25in; mso-list: l0 level1 lfo1; tab-stops: list .5in;\"><!-- [if !supportLists]--><span style=\"font-family: \'Arial\',\'sans-serif\'; mso-fareast-font-family: Arial;\">&bull;<span style=\"font-stretch: normal; font-size: 7pt; font-family: \'Times New Roman\';\">&nbsp;&nbsp;&nbsp;&nbsp;&nbsp;&nbsp; </span></span><!--[endif]-->Pilih New <span style=\"font-family: Webdings; mso-ascii-font-family: Calibri; mso-ascii-theme-font: minor-latin; mso-hansi-font-family: Calibri; mso-hansi-theme-font: minor-latin; mso-char-type: symbol; mso-symbol-font-family: Webdings;\">4</span> Java Class</p>\r\n<p class=\"MsoNormal\" style=\"margin-left: .5in; text-indent: -.25in; mso-list: l0 level1 lfo1; tab-stops: list .5in;\"><!-- [if !supportLists]--><span style=\"font-family: \'Arial\',\'sans-serif\'; mso-fareast-font-family: Arial;\">&bull;<span style=\"font-stretch: normal; font-size: 7pt; font-family: \'Times New Roman\';\">&nbsp;&nbsp;&nbsp;&nbsp;&nbsp;&nbsp; </span></span><!--[endif]-->Ubah nama class menjadi NilaiMahasiswa</p>\r\n<p class=\"MsoNormal\" style=\"margin-left: .5in; text-indent: -.25in; mso-list: l0 level1 lfo1; tab-stops: list .5in;\"><!-- [if !supportLists]--><span style=\"font-family: \'Arial\',\'sans-serif\'; mso-fareast-font-family: Arial;\">&bull;<span style=\"font-stretch: normal; font-size: 7pt; font-family: \'Times New Roman\';\">&nbsp;&nbsp;&nbsp;&nbsp;&nbsp;&nbsp; </span></span><!--[endif]-->Package-nya aplikasikonsol dan klik tombol <u>F</u>inish</p>\r\n<p class=\"MsoNormal\" style=\"margin-left: .5in; text-indent: -.25in; mso-list: l0 level1 lfo1; tab-stops: list .5in;\"><!-- [if !supportLists]--><span style=\"font-family: \'Arial\',\'sans-serif\'; mso-fareast-font-family: Arial;\">&bull;<span style=\"font-stretch: normal; font-size: 7pt; font-family: \'Times New Roman\';\">&nbsp;&nbsp;&nbsp;&nbsp;&nbsp;&nbsp; </span></span><!--[endif]-->Buat metode main agar dapat dieksekusi (run)</p>\r\n<p class=\"MsoNormal\" style=\"margin-left: .5in; text-indent: -.25in; mso-list: l0 level1 lfo1; tab-stops: list .5in;\"><!-- [if !supportLists]--><span style=\"font-family: \'Arial\',\'sans-serif\'; mso-fareast-font-family: Arial;\">&bull;<span style=\"font-stretch: normal; font-size: 7pt; font-family: \'Times New Roman\';\">&nbsp;&nbsp;&nbsp;&nbsp;&nbsp;&nbsp; </span></span><!--[endif]-->Buat objek dari class Scanner untuk membaca masukan dari keyboard</p>\r\n<p class=\"MsoNormal\" style=\"margin-left: .5in; text-indent: -.25in; mso-list: l0 level1 lfo1; tab-stops: list .5in;\"><!-- [if !supportLists]--><span style=\"font-family: \'Arial\',\'sans-serif\'; mso-fareast-font-family: Arial;\">&bull;<span style=\"font-stretch: normal; font-size: 7pt; font-family: \'Times New Roman\';\">&nbsp;&nbsp;&nbsp;&nbsp;&nbsp;&nbsp; </span></span><!--[endif]-->Buat array objek dari class Mahasiswa</p>\r\n<p class=\"MsoNormal\" style=\"margin-left: .5in; text-indent: -.25in; mso-list: l0 level1 lfo1; tab-stops: list .5in;\"><!-- [if !supportLists]--><span style=\"font-family: \'Arial\',\'sans-serif\'; mso-fareast-font-family: Arial;\">&bull;<span style=\"font-stretch: normal; font-size: 7pt; font-family: \'Times New Roman\';\">&nbsp;&nbsp;&nbsp;&nbsp;&nbsp;&nbsp; </span></span><!--[endif]-->Buat metode main agar dapat dieksekusi (run)</p>\r\n<p class=\"MsoNormal\" style=\"margin-left: .5in; text-indent: -.25in; mso-list: l0 level1 lfo1; tab-stops: list .5in;\"><!-- [if !supportLists]--><span style=\"font-family: \'Arial\',\'sans-serif\'; mso-fareast-font-family: Arial;\">&bull;<span style=\"font-stretch: normal; font-size: 7pt; font-family: \'Times New Roman\';\">&nbsp;&nbsp;&nbsp;&nbsp;&nbsp;&nbsp; </span></span><!--[endif]-->Buat objek dari class Scanner untuk membaca masukan dari keyboard</p>\r\n<p class=\"MsoNormal\" style=\"margin-left: .5in; text-indent: -.25in; mso-list: l0 level1 lfo1; tab-stops: list .5in;\"><!-- [if !supportLists]--><span style=\"font-family: \'Arial\',\'sans-serif\'; mso-fareast-font-family: Arial;\">&bull;<span style=\"font-stretch: normal; font-size: 7pt; font-family: \'Times New Roman\';\">&nbsp;&nbsp;&nbsp;&nbsp;&nbsp;&nbsp; </span></span><!--[endif]-->Buat array objek dari class Mahasiswa</p>\r\n<p class=\"MsoNormal\" style=\"margin-left: .5in; text-indent: -.25in; mso-list: l0 level1 lfo1; tab-stops: list .5in;\"><!-- [if !supportLists]--><span style=\"font-family: \'Arial\',\'sans-serif\'; mso-fareast-font-family: Arial;\">&bull;<span style=\"font-stretch: normal; font-size: 7pt; font-family: \'Times New Roman\';\">&nbsp;&nbsp;&nbsp;&nbsp;&nbsp;&nbsp; </span></span><!--[endif]-->Dengan cara yang sama, klik pada lampu indikator kesalahan, sebelah kiri class Mahasiswa, pilih Add Import for model.Mahasiswa, sehingga di bagian atas bawah nama package ditambahkan import model.Mahasiswa;</p>\r\n<p class=\"MsoNormal\" style=\"margin-left: .5in; text-indent: -.25in; mso-list: l0 level1 lfo1; tab-stops: list .5in;\"><!-- [if !supportLists]--><span style=\"font-family: \'Arial\',\'sans-serif\'; mso-fareast-font-family: Arial;\">&bull;<span style=\"font-stretch: normal; font-size: 7pt; font-family: \'Times New Roman\';\">&nbsp;&nbsp;&nbsp;&nbsp;&nbsp;&nbsp; </span></span><!--[endif]-->Tidak semua kesalahan dapat diperbaiki dengan mengklik lampu indikator kesalahan, jadi harus memperhatikan dan mengerti kesalahannya terlebih dulu</p>\r\n<p class=\"MsoNormal\" style=\"margin-left: .5in; text-indent: -.25in; mso-list: l0 level1 lfo1; tab-stops: list .5in;\"><!-- [if !supportLists]--><span style=\"font-family: \'Arial\',\'sans-serif\'; mso-fareast-font-family: Arial;\">&bull;<span style=\"font-stretch: normal; font-size: 7pt; font-family: \'Times New Roman\';\">&nbsp;&nbsp;&nbsp;&nbsp;&nbsp;&nbsp; </span></span><!--[endif]-->Berikut ini source code lengkapnya</p>\r\n<p class=\"MsoNormal\">&nbsp;</p>\r\n<p class=\"MsoNormal\">import java.util.Scanner;</p>\r\n<p class=\"MsoNormal\">import model.Mahasiswa;</p>\r\n<p class=\"MsoNormal\">&nbsp;</p>\r\n<p class=\"MsoNormal\">&nbsp;</p>\r\n<p class=\"MsoNormal\">public class NilaiMahasiswa {</p>\r\n<p class=\"MsoNormal\">&nbsp;&nbsp;&nbsp; public static void main(String[]args){</p>\r\n<p class=\"MsoNormal\">&nbsp;&nbsp;&nbsp;&nbsp;&nbsp;&nbsp;&nbsp; Scanner scanner = new Scanner(System.in);</p>\r\n<p class=\"MsoNormal\">&nbsp;&nbsp;&nbsp;&nbsp;&nbsp;&nbsp;&nbsp; Mahasiswa[] mahasiswa = new Mahasiswa[0];</p>\r\n<p class=\"MsoNormal\">&nbsp;&nbsp;&nbsp;&nbsp;&nbsp;&nbsp;&nbsp;</p>\r\n<p class=\"MsoNormal\">&nbsp;&nbsp;&nbsp;&nbsp;&nbsp;&nbsp;&nbsp; int jumlah,pilih,i;</p>\r\n<p class=\"MsoNormal\">&nbsp;&nbsp;&nbsp;&nbsp;&nbsp;&nbsp;&nbsp; double utsInput,uasInput;</p>\r\n<p class=\"MsoNormal\">&nbsp;&nbsp;&nbsp;&nbsp;&nbsp;&nbsp;&nbsp;</p>\r\n<p class=\"MsoNormal\">&nbsp;&nbsp;&nbsp;&nbsp;&nbsp;&nbsp; do{</p>\r\n<p class=\"MsoNormal\">&nbsp;&nbsp;&nbsp;&nbsp;&nbsp;&nbsp;&nbsp;&nbsp;&nbsp;&nbsp; System.out.println(\"1.Memasukkan Data\");</p>\r\n<p class=\"MsoNormal\">&nbsp;&nbsp;&nbsp;&nbsp;&nbsp;&nbsp;&nbsp;&nbsp;&nbsp;&nbsp; System.out.println(\"2.Menampilkan Data\");</p>\r\n<p class=\"MsoNormal\">&nbsp;&nbsp;&nbsp;&nbsp;&nbsp;&nbsp;&nbsp;&nbsp;&nbsp; &nbsp;System.out.println(\"0.Keluar\");</p>\r\n<p class=\"MsoNormal\">&nbsp;&nbsp;&nbsp;&nbsp;&nbsp;&nbsp;&nbsp;&nbsp;&nbsp;&nbsp; System.out.print(\"Menu Dipilih:\");</p>\r\n<p class=\"MsoNormal\">&nbsp;&nbsp;&nbsp;&nbsp;&nbsp;&nbsp;&nbsp;&nbsp;&nbsp;&nbsp; pilih = scanner.nextInt();</p>\r\n<p class=\"MsoNormal\">&nbsp;&nbsp;&nbsp;&nbsp;&nbsp;&nbsp;&nbsp;&nbsp;&nbsp;&nbsp; System.out.println(\"\");</p>\r\n<p class=\"MsoNormal\">&nbsp;&nbsp;&nbsp;&nbsp;&nbsp;&nbsp;&nbsp;&nbsp;&nbsp;&nbsp;</p>\r\n<p class=\"MsoNormal\">&nbsp;&nbsp;&nbsp;&nbsp;&nbsp;&nbsp;&nbsp;&nbsp;&nbsp;&nbsp; switch (pilih){</p>\r\n<p class=\"MsoNormal\">&nbsp;&nbsp;&nbsp;&nbsp;&nbsp;&nbsp;&nbsp;&nbsp;&nbsp;&nbsp;&nbsp;&nbsp;&nbsp;&nbsp; case 1:</p>\r\n<p class=\"MsoNormal\">&nbsp;&nbsp;&nbsp;&nbsp;&nbsp;&nbsp;&nbsp;&nbsp;&nbsp;&nbsp;&nbsp;&nbsp;&nbsp;&nbsp;&nbsp;&nbsp;&nbsp;&nbsp; System.out.print(\"Jumlah Data\");</p>\r\n<p class=\"MsoNormal\">&nbsp;&nbsp;&nbsp;&nbsp;&nbsp;&nbsp;&nbsp;&nbsp;&nbsp;&nbsp;&nbsp;&nbsp;&nbsp;&nbsp;&nbsp;&nbsp;&nbsp;&nbsp; jumlah = scanner.nextInt();</p>\r\n<p class=\"MsoNormal\">&nbsp;&nbsp;&nbsp;&nbsp;&nbsp;&nbsp;&nbsp;&nbsp;&nbsp;&nbsp;&nbsp;&nbsp;&nbsp;&nbsp;&nbsp;&nbsp;&nbsp;&nbsp; mahasiswa = new Mahasiswa [jumlah];</p>\r\n<p class=\"MsoNormal\">&nbsp;&nbsp;&nbsp;&nbsp;&nbsp;&nbsp;&nbsp;&nbsp;&nbsp;&nbsp;&nbsp;&nbsp;&nbsp;&nbsp;&nbsp;&nbsp;&nbsp;&nbsp; for (i=0;i&gt;jumlah;i++) {</p>\r\n<p class=\"MsoNormal\">&nbsp;&nbsp;&nbsp;&nbsp;&nbsp;&nbsp;&nbsp;&nbsp;&nbsp;&nbsp;&nbsp;&nbsp;&nbsp;&nbsp;&nbsp;&nbsp;&nbsp;&nbsp;&nbsp;&nbsp;&nbsp;&nbsp; scanner.nextInt();</p>\r\n<p class=\"MsoNormal\">&nbsp;&nbsp;&nbsp;&nbsp;&nbsp;&nbsp;&nbsp;&nbsp;&nbsp;&nbsp;&nbsp;&nbsp;&nbsp;&nbsp;&nbsp;&nbsp;&nbsp;&nbsp;&nbsp;&nbsp;&nbsp;&nbsp; mahasiswa[i] = new Mahasiswa();</p>\r\n<p class=\"MsoNormal\">&nbsp;&nbsp; &nbsp;&nbsp;&nbsp;&nbsp;&nbsp;&nbsp;&nbsp;&nbsp;&nbsp;&nbsp;&nbsp;&nbsp;&nbsp;&nbsp;&nbsp;&nbsp;&nbsp;&nbsp;&nbsp;&nbsp;System.out.println(\"Data ke-\"+(i+1)+\":\");</p>\r\n<p class=\"MsoNormal\">&nbsp;&nbsp;&nbsp;&nbsp;&nbsp;&nbsp;&nbsp;&nbsp;&nbsp;&nbsp;&nbsp;&nbsp;&nbsp;&nbsp;&nbsp;&nbsp;&nbsp;&nbsp;&nbsp;&nbsp;&nbsp;&nbsp; System.out.print(\"Nama :\");</p>\r\n<p class=\"MsoNormal\">&nbsp;&nbsp;&nbsp;&nbsp;&nbsp;&nbsp;&nbsp;&nbsp;&nbsp;&nbsp;&nbsp;&nbsp;&nbsp;&nbsp;&nbsp;&nbsp;&nbsp;&nbsp;&nbsp;&nbsp;&nbsp;&nbsp; System.out.print(\"Nim&nbsp; :\");</p>\r\n<p class=\"MsoNormal\">&nbsp;&nbsp;&nbsp;&nbsp;&nbsp;&nbsp;&nbsp;&nbsp;&nbsp;&nbsp;&nbsp;&nbsp;&nbsp;&nbsp;&nbsp;&nbsp;&nbsp;&nbsp;&nbsp;&nbsp;&nbsp;&nbsp; System.out.print(\"Uts&nbsp; :\");</p>\r\n<p class=\"MsoNormal\">&nbsp;&nbsp;&nbsp;&nbsp;&nbsp;&nbsp;&nbsp;&nbsp;&nbsp;&nbsp;&nbsp;&nbsp;&nbsp;&nbsp;&nbsp;&nbsp;&nbsp;&nbsp;&nbsp;&nbsp;&nbsp;&nbsp; System.out.print(\"Uas&nbsp; :\");</p>\r\n<p class=\"MsoNormal\">&nbsp;&nbsp;&nbsp;&nbsp;&nbsp;&nbsp;&nbsp;&nbsp;&nbsp;&nbsp;&nbsp;&nbsp;&nbsp;&nbsp;&nbsp;&nbsp;&nbsp;&nbsp; }</p>\r\n<p class=\"MsoNormal\">&nbsp;&nbsp;&nbsp;&nbsp;&nbsp;&nbsp;&nbsp;&nbsp;&nbsp;&nbsp;&nbsp;&nbsp;&nbsp;&nbsp; break;</p>\r\n<p class=\"MsoNormal\">&nbsp;&nbsp;&nbsp;&nbsp;&nbsp;&nbsp;&nbsp;&nbsp;&nbsp;&nbsp;&nbsp;&nbsp;&nbsp;&nbsp; case 2:</p>\r\n<p class=\"MsoNormal\">&nbsp;&nbsp;&nbsp;&nbsp;&nbsp;&nbsp;&nbsp;&nbsp;&nbsp;&nbsp;&nbsp;&nbsp;&nbsp;&nbsp;&nbsp;&nbsp;&nbsp;&nbsp;</p>\r\n<p class=\"MsoNormal\">&nbsp;&nbsp;&nbsp;&nbsp;&nbsp;&nbsp;&nbsp;&nbsp;&nbsp;&nbsp;&nbsp;&nbsp;&nbsp;&nbsp; break;</p>\r\n<p class=\"MsoNormal\">&nbsp;&nbsp;&nbsp;&nbsp;&nbsp;&nbsp;&nbsp;&nbsp;&nbsp;&nbsp; }</p>\r\n<p class=\"MsoNormal\">&nbsp;&nbsp;&nbsp;&nbsp;&nbsp;&nbsp; }while();</p>\r\n<p class=\"MsoNormal\">&nbsp;&nbsp;&nbsp; }</p>\r\n<p class=\"MsoNormal\">}</p>','2016-03-23 18:16:08','buat lah class dengan nama anda menggaunakan metode main dan objek class Scanner seperti tutorial di atas?setelah itu dieksekusi?','1'),(35,2,'Pengenalan NetBeans 3','Aplikasi GUI','<p class=\"MsoNormal\" style=\"margin-left: .5in; text-indent: -.25in; mso-list: l0 level1 lfo1; tab-stops: list .5in;\"><!-- [if !supportLists]--><span style=\"font-family: \'Arial\',\'sans-serif\'; mso-fareast-font-family: Arial;\">&bull;<span style=\"font-stretch: normal; font-size: 7pt; font-family: \'Times New Roman\';\">&nbsp;&nbsp;&nbsp;&nbsp;&nbsp;&nbsp; </span></span><!--[endif]-->Untuk membuat aplikasi GUI (<em>Graphical User Interface</em>), klik kanan pada package <strong>aplikasigui </strong></p>\r\n<p class=\"MsoNormal\" style=\"margin-left: .5in; text-indent: -.25in; mso-list: l0 level1 lfo1; tab-stops: list .5in;\"><!-- [if !supportLists]--><span style=\"font-family: \'Arial\',\'sans-serif\'; mso-fareast-font-family: Arial;\">&bull;<span style=\"font-stretch: normal; font-size: 7pt; font-family: \'Times New Roman\';\">&nbsp;&nbsp;&nbsp;&nbsp;&nbsp;&nbsp; </span></span><!--[endif]-->Pilih <strong>New <span style=\"font-family: Webdings; mso-ascii-font-family: Calibri; mso-ascii-theme-font: minor-latin; mso-hansi-font-family: Calibri; mso-hansi-theme-font: minor-latin; mso-char-type: symbol; mso-symbol-font-family: Webdings;\">4</span> JFrame Form</strong>&hellip;</p>\r\n<p class=\"MsoNormal\" style=\"margin-left: .5in; text-indent: -.25in; mso-list: l0 level1 lfo1; tab-stops: list .5in;\"><!-- [if !supportLists]--><span style=\"font-family: \'Arial\',\'sans-serif\'; mso-fareast-font-family: Arial;\">&bull;<span style=\"font-stretch: normal; font-size: 7pt; font-family: \'Times New Roman\';\">&nbsp;&nbsp;&nbsp;&nbsp;&nbsp;&nbsp; </span></span><!--[endif]-->Ubah nama class menjadi <strong>FormNilaiMahasiswa </strong></p>\r\n<p class=\"MsoNormal\" style=\"margin-left: .5in; text-indent: -.25in; mso-list: l0 level1 lfo1; tab-stops: list .5in;\"><!-- [if !supportLists]--><span style=\"font-family: \'Arial\',\'sans-serif\'; mso-fareast-font-family: Arial;\">&bull;<span style=\"font-stretch: normal; font-size: 7pt; font-family: \'Times New Roman\';\">&nbsp;&nbsp;&nbsp;&nbsp;&nbsp;&nbsp; </span></span><!--[endif]-->Pastikan package-nya <strong>aplikasigui </strong></p>\r\n<p class=\"MsoNormal\" style=\"margin-left: .5in; text-indent: -.25in; mso-list: l0 level1 lfo1; tab-stops: list .5in;\"><!-- [if !supportLists]--><span style=\"font-family: \'Arial\',\'sans-serif\'; mso-fareast-font-family: Arial;\">&bull;<span style=\"font-stretch: normal; font-size: 7pt; font-family: \'Times New Roman\';\">&nbsp;&nbsp;&nbsp;&nbsp;&nbsp;&nbsp; </span></span><!--[endif]-->Klik tombol <strong><u>F</u>inish</strong> untuk mengakhiri</p>\r\n<p class=\"MsoNormal\" style=\"margin-left: .5in; text-indent: -.25in; mso-list: l0 level1 lfo1; tab-stops: list .5in;\"><!-- [if !supportLists]--><span style=\"font-family: \'Arial\',\'sans-serif\'; mso-fareast-font-family: Arial;\">&bull;<span style=\"font-stretch: normal; font-size: 7pt; font-family: \'Times New Roman\';\">&nbsp;&nbsp;&nbsp;&nbsp;&nbsp;&nbsp; </span></span><!--[endif]-->Klik pada frame, ubah judul (title) menjadi <strong>&ldquo;Data Nilai Mahasiswa&rdquo;</strong> melalui Properties</p>\r\n<p class=\"MsoNormal\" style=\"margin-left: .5in; text-indent: -.25in; mso-list: l0 level1 lfo1; tab-stops: list .5in;\"><!-- [if !supportLists]--><span style=\"font-family: \'Arial\',\'sans-serif\'; mso-fareast-font-family: Arial;\">&bull;<span style=\"font-stretch: normal; font-size: 7pt; font-family: \'Times New Roman\';\">&nbsp;&nbsp;&nbsp;&nbsp;&nbsp;&nbsp; </span></span><!--[endif]-->Tambahkan 2 Panel dari Palette grup Swing Containers</p>\r\n<p class=\"MsoNormal\" style=\"margin-left: .5in; text-indent: -.25in; mso-list: l0 level1 lfo1; tab-stops: list .5in;\"><!-- [if !supportLists]--><span style=\"font-family: \'Arial\',\'sans-serif\'; mso-fareast-font-family: Arial;\">&bull;<span style=\"font-stretch: normal; font-size: 7pt; font-family: \'Times New Roman\';\">&nbsp;&nbsp;&nbsp;&nbsp;&nbsp;&nbsp; </span></span><!--[endif]-->Ubah warna background (warna bebas)</p>\r\n<p class=\"MsoNormal\" style=\"margin-left: .5in; text-indent: -.25in; mso-list: l0 level1 lfo1; tab-stops: list .5in;\"><!-- [if !supportLists]--><span style=\"font-family: \'Arial\',\'sans-serif\'; mso-fareast-font-family: Arial;\">&bull;<span style=\"font-stretch: normal; font-size: 7pt; font-family: \'Times New Roman\';\">&nbsp;&nbsp;&nbsp;&nbsp;&nbsp;&nbsp; </span></span><!--[endif]-->Ubah border menjadi <strong>TitledBorder</strong> dengan judul <strong>Data Mahasiswa</strong> untuk Panel pertama, dan <strong>EtchedBorder</strong> untuk Panel kedua</p>\r\n<p class=\"MsoNormal\" style=\"margin-left: .5in; text-indent: -.25in; mso-list: l0 level1 lfo1; tab-stops: list .5in;\"><!-- [if !supportLists]--><span style=\"font-family: \'Arial\',\'sans-serif\'; mso-fareast-font-family: Arial;\">&bull;<span style=\"font-stretch: normal; font-size: 7pt; font-family: \'Times New Roman\';\">&nbsp;&nbsp;&nbsp;&nbsp;&nbsp;&nbsp; </span></span><!--[endif]-->Untuk Panel pertama, tambahkan Label, TextField, dan Button seperti pada Gambar</p>\r\n<p class=\"MsoNormal\" style=\"margin-left: .5in; text-indent: -.25in; mso-list: l0 level1 lfo1; tab-stops: list .5in;\"><!-- [if !supportLists]--><span style=\"font-family: \'Arial\',\'sans-serif\'; mso-fareast-font-family: Arial;\">&bull;<span style=\"font-stretch: normal; font-size: 7pt; font-family: \'Times New Roman\';\">&nbsp;&nbsp;&nbsp;&nbsp;&nbsp;&nbsp; </span></span><!--[endif]-->Ubah teksnya dengan cara klik kanan, pilih Edit Text</p>\r\n<p class=\"MsoNormal\" style=\"margin-left: .5in; text-indent: -.25in; mso-list: l0 level1 lfo1; tab-stops: list .5in;\"><!-- [if !supportLists]--><span style=\"font-family: \'Arial\',\'sans-serif\'; mso-fareast-font-family: Arial;\">&bull;<span style=\"font-stretch: normal; font-size: 7pt; font-family: \'Times New Roman\';\">&nbsp;&nbsp;&nbsp;&nbsp;&nbsp;&nbsp; </span></span><!--[endif]-->Ubah nama variabel dengan cara klik kanan, pilih Change Variable Name &hellip; (sesuaikan dengan teksnya)</p>\r\n<p class=\"MsoNormal\" style=\"margin-left: .5in; text-indent: -.25in; mso-list: l0 level1 lfo1; tab-stops: list .5in;\"><!-- [if !supportLists]--><span style=\"font-family: \'Arial\',\'sans-serif\'; mso-fareast-font-family: Arial;\">&bull;<span style=\"font-stretch: normal; font-size: 7pt; font-family: \'Times New Roman\';\">&nbsp;&nbsp;&nbsp;&nbsp;&nbsp;&nbsp; </span></span><!--[endif]-->Lihat di navigator, jika tidak tampil, klik menu Window &gt;&gt; Navigator</p>\r\n<p class=\"MsoNormal\" style=\"margin-left: .5in; text-indent: -.25in; mso-list: l0 level1 lfo1; tab-stops: list .5in;\"><!-- [if !supportLists]--><span style=\"font-family: \'Arial\',\'sans-serif\'; mso-fareast-font-family: Arial;\">&bull;<span style=\"font-stretch: normal; font-size: 7pt; font-family: \'Times New Roman\';\">&nbsp;&nbsp;&nbsp;&nbsp;&nbsp;&nbsp; </span></span><!--[endif]-->Untuk Panel kedua, tambahkan Table, dan Button&nbsp;</p>\r\n<p class=\"MsoNormal\" style=\"margin-left: .5in; text-indent: -.25in; mso-list: l0 level1 lfo1; tab-stops: list .5in;\"><!-- [if !supportLists]--><span style=\"font-family: \'Arial\',\'sans-serif\'; mso-fareast-font-family: Arial;\">&bull;<span style=\"font-stretch: normal; font-size: 7pt; font-family: \'Times New Roman\';\">&nbsp;&nbsp;&nbsp;&nbsp;&nbsp;&nbsp; </span></span><!--[endif]-->Ubah teks pada button menjadi Hapus</p>\r\n<p class=\"MsoNormal\" style=\"margin-left: .5in; text-indent: -.25in; mso-list: l0 level1 lfo1; tab-stops: list .5in;\"><!-- [if !supportLists]--><span style=\"font-family: \'Arial\',\'sans-serif\'; mso-fareast-font-family: Arial;\">&bull;<span style=\"font-stretch: normal; font-size: 7pt; font-family: \'Times New Roman\';\">&nbsp;&nbsp;&nbsp;&nbsp;&nbsp;&nbsp; </span></span><!--[endif]-->Ubah konten tabel dengan cara klik kanan, pilih <strong>Table Contents</strong> &hellip;</p>\r\n<p class=\"MsoNormal\" style=\"margin-left: .5in; text-indent: -.25in; mso-list: l0 level1 lfo1; tab-stops: list .5in;\"><!-- [if !supportLists]--><span style=\"font-family: \'Arial\',\'sans-serif\'; mso-fareast-font-family: Arial;\">&bull;<span style=\"font-stretch: normal; font-size: 7pt; font-family: \'Times New Roman\';\">&nbsp;&nbsp;&nbsp;&nbsp;&nbsp;&nbsp; </span></span><!--[endif]-->Pilih tab Rows, ubah nilai Count menjadi 0</p>\r\n<p class=\"MsoNormal\" style=\"margin-left: .5in; text-indent: -.25in; mso-list: l0 level1 lfo1; tab-stops: list .5in;\"><!-- [if !supportLists]--><span style=\"font-family: \'Arial\',\'sans-serif\'; mso-fareast-font-family: Arial;\">&bull;<span style=\"font-stretch: normal; font-size: 7pt; font-family: \'Times New Roman\';\">&nbsp;&nbsp;&nbsp;&nbsp;&nbsp;&nbsp; </span></span><!--[endif]-->Pilih tab Columns, ubah nilai Count menjadi 7, ganti Title , hilangkan checklist pada Editable</p>\r\n<p class=\"MsoNormal\" style=\"margin-left: .5in; text-indent: -.25in; mso-list: l0 level1 lfo1; tab-stops: list .5in;\"><!-- [if !supportLists]--><span style=\"font-family: \'Arial\',\'sans-serif\'; mso-fareast-font-family: Arial;\">&bull;<span style=\"font-stretch: normal; font-size: 7pt; font-family: \'Times New Roman\';\">&nbsp;&nbsp;&nbsp;&nbsp;&nbsp;&nbsp; </span></span><!--[endif]-->Ubah lebar (width) sesuai kebutuhan (satuan pixel), Pref. untuk lebar standar, Min. untuk lebar minimal, Max. untuk lebar maksimal</p>\r\n<p class=\"MsoNormal\" style=\"margin-left: .5in; text-indent: -.25in; mso-list: l0 level1 lfo1; tab-stops: list .5in;\"><!-- [if !supportLists]--><span style=\"font-family: \'Arial\',\'sans-serif\'; mso-fareast-font-family: Arial;\">&bull;<span style=\"font-stretch: normal; font-size: 7pt; font-family: \'Times New Roman\';\">&nbsp;&nbsp;&nbsp;&nbsp;&nbsp;&nbsp; </span></span><!--[endif]-->Misalnya untuk UTS, UAS, dan Grade, ubah nilai ketiga width (Pref., Min., dan Max.) menjadi 60, yang lain disesuaikan (atau tetap default)</p>\r\n<p class=\"MsoNormal\" style=\"margin-left: .5in; text-indent: -.25in; mso-list: l0 level1 lfo1; tab-stops: list .5in;\">&nbsp;</p>\r\n<p class=\"MsoNormal\">&nbsp;</p>\r\n<p class=\"MsoNormal\" style=\"margin-left: .5in; text-indent: -.25in; mso-list: l0 level1 lfo1; tab-stops: list .5in;\">&nbsp;</p>\r\n<p>&nbsp;</p>\r\n<p class=\"MsoNormal\">&nbsp;</p>','2016-03-23 18:27:57','Buatlah form seperti di atas dengan propeties sesuai keinginan anda?','1'),(36,2,'Pengenalan NetBeans 4','Aplikasi GUI Source code','<p class=\"MsoNormal\" style=\"margin-left: .5in; text-indent: -.25in; mso-list: l0 level1 lfo1; tab-stops: list .5in;\"><!-- [if !supportLists]--><span style=\"font-family: \'Arial\',\'sans-serif\'; mso-fareast-font-family: Arial;\">&bull;<span style=\"font-stretch: normal; font-size: 7pt; font-family: \'Times New Roman\';\">&nbsp;&nbsp;&nbsp;&nbsp;&nbsp;&nbsp; </span></span><!--[endif]-->Untuk menambahkan source code proses ketika button (tombol) Tutup diklik, klik kanan pada button Tutup, pilih Events <span style=\"font-family: Webdings; mso-ascii-font-family: Calibri; mso-ascii-theme-font: minor-latin; mso-hansi-font-family: Calibri; mso-hansi-theme-font: minor-latin; mso-char-type: symbol; mso-symbol-font-family: Webdings;\">4</span> Action <span style=\"font-family: Webdings; mso-ascii-font-family: Calibri; mso-ascii-theme-font: minor-latin; mso-hansi-font-family: Calibri; mso-hansi-theme-font: minor-latin; mso-char-type: symbol; mso-symbol-font-family: Webdings;\">4</span> &nbsp;actionPerformed</p>\r\n<p class=\"MsoNormal\" style=\"margin-left: .5in; text-indent: -.25in; mso-list: l0 level1 lfo1; tab-stops: list .5in;\"><!-- [if !supportLists]--><span style=\"font-family: \'Arial\',\'sans-serif\'; mso-fareast-font-family: Arial;\">&bull;<span style=\"font-stretch: normal; font-size: 7pt; font-family: \'Times New Roman\';\">&nbsp;&nbsp;&nbsp;&nbsp;&nbsp;&nbsp; </span></span><!--[endif]-->Di dalam metode tutupButtonActionPerformed ketik System.exit(0);, sehingga seperti source code di bawah ini</p>\r\n<p class=\"MsoNormal\" style=\"margin-left: .5in; text-indent: -.25in; mso-list: l0 level1 lfo1; tab-stops: list .5in;\"><!-- [if !supportLists]--><span style=\"font-family: \'Arial\',\'sans-serif\'; mso-fareast-font-family: Arial;\">&bull;<span style=\"font-stretch: normal; font-size: 7pt; font-family: \'Times New Roman\';\">&nbsp;&nbsp;&nbsp;&nbsp;&nbsp;&nbsp; </span></span><!--[endif]-->Di bawah nama class, dan di dalam konstruktor tambahkan source code untuk mendeklarasikan model tabel dan inisialisasinya sehingga source codenya seperti di bawah ini</p>\r\n<p class=\"MsoNormal\" style=\"margin-left: .5in; text-indent: -.25in; mso-list: l0 level1 lfo1; tab-stops: list .5in;\"><!-- [if !supportLists]--><span style=\"font-family: \'Arial\',\'sans-serif\'; mso-fareast-font-family: Arial;\">&bull;<span style=\"font-stretch: normal; font-size: 7pt; font-family: \'Times New Roman\';\">&nbsp;&nbsp;&nbsp;&nbsp;&nbsp;&nbsp; </span></span><!--[endif]-->Jika ada indikator kesalahan, klik dan pilih Add import for javax.swing.table.DefaultTableModel</p>\r\n<p class=\"MsoNormal\" style=\"margin-left: .5in; text-indent: -.25in; mso-list: l0 level1 lfo1; tab-stops: list .5in;\"><!-- [if !supportLists]--><span style=\"font-family: \'Arial\',\'sans-serif\'; mso-fareast-font-family: Arial;\">&bull;<span style=\"font-stretch: normal; font-size: 7pt; font-family: \'Times New Roman\';\">&nbsp;&nbsp;&nbsp;&nbsp;&nbsp;&nbsp; </span></span><!--[endif]-->Untuk menambahkan source code proses ketika button (tombol) Tambah diklik, klik kanan pada button Tambah, pilih Events <span style=\"font-family: Webdings; mso-ascii-font-family: Calibri; mso-ascii-theme-font: minor-latin; mso-hansi-font-family: Calibri; mso-hansi-theme-font: minor-latin; mso-char-type: symbol; mso-symbol-font-family: Webdings;\">4</span> Action <span style=\"font-family: Webdings; mso-ascii-font-family: Calibri; mso-ascii-theme-font: minor-latin; mso-hansi-font-family: Calibri; mso-hansi-theme-font: minor-latin; mso-char-type: symbol; mso-symbol-font-family: Webdings;\">4</span>&nbsp; actionPerformed</p>\r\n<p class=\"MsoNormal\" style=\"margin-left: .5in; text-indent: -.25in; mso-list: l0 level1 lfo1; tab-stops: list .5in;\"><!-- [if !supportLists]--><span style=\"font-family: \'Arial\',\'sans-serif\'; mso-fareast-font-family: Arial;\">&bull;<span style=\"font-stretch: normal; font-size: 7pt; font-family: \'Times New Roman\';\">&nbsp;&nbsp;&nbsp;&nbsp;&nbsp;&nbsp; </span></span><!--[endif]-->Di dalam metode tambahButtonActionPerformed tambahkan source code sehingga seperti di slide selanjutnya</p>\r\n<p class=\"MsoNormal\" style=\"margin-left: .5in; text-indent: -.25in; mso-list: l0 level1 lfo1; tab-stops: list .5in;\"><!-- [if !supportLists]--><span style=\"font-family: \'Arial\',\'sans-serif\'; mso-fareast-font-family: Arial;\">&bull;<span style=\"font-stretch: normal; font-size: 7pt; font-family: \'Times New Roman\';\">&nbsp;&nbsp;&nbsp;&nbsp;&nbsp;&nbsp; </span></span><!--[endif]-->Jika ada indikator kesalahan, klik dan pilih Add import for model.Mahasiswa</p>\r\n<p class=\"MsoNormal\" style=\"margin-left: .5in; text-indent: -.25in; mso-list: l0 level1 lfo1; tab-stops: list .5in;\"><!-- [if !supportLists]--><span style=\"font-family: \'Arial\',\'sans-serif\'; mso-fareast-font-family: Arial;\">&bull;<span style=\"font-stretch: normal; font-size: 7pt; font-family: \'Times New Roman\';\">&nbsp;&nbsp;&nbsp;&nbsp;&nbsp;&nbsp; </span></span><!--[endif]-->Untuk menambahkan source code proses ketika button (tombol) Hapus diklik, klik kanan pada button Hapus, pilih Events <span style=\"font-family: Webdings; mso-ascii-font-family: Calibri; mso-ascii-theme-font: minor-latin; mso-hansi-font-family: Calibri; mso-hansi-theme-font: minor-latin; mso-char-type: symbol; mso-symbol-font-family: Webdings;\">4</span> Action <span style=\"font-family: Webdings; mso-ascii-font-family: Calibri; mso-ascii-theme-font: minor-latin; mso-hansi-font-family: Calibri; mso-hansi-theme-font: minor-latin; mso-char-type: symbol; mso-symbol-font-family: Webdings;\">4</span>&nbsp; actionPerformed</p>\r\n<p class=\"MsoNormal\" style=\"margin-left: .5in; text-indent: -.25in; mso-list: l0 level1 lfo1; tab-stops: list .5in;\"><!-- [if !supportLists]--><span style=\"font-family: \'Arial\',\'sans-serif\'; mso-fareast-font-family: Arial;\">&bull;<span style=\"font-stretch: normal; font-size: 7pt; font-family: \'Times New Roman\';\">&nbsp;&nbsp;&nbsp;&nbsp;&nbsp;&nbsp; </span></span><!--[endif]-->Di dalam metode hapusButtonActionPerformed tambahkan source code sehingga seperti di bawah ini</p>\r\n<p class=\"MsoNormal\" style=\"margin-left: .5in; text-indent: -.25in; mso-list: l0 level1 lfo1; tab-stops: list .5in;\"><!-- [if !supportLists]--><span style=\"font-family: \'Arial\',\'sans-serif\'; mso-fareast-font-family: Arial;\">&bull;<span style=\"font-stretch: normal; font-size: 7pt; font-family: \'Times New Roman\';\">&nbsp;&nbsp;&nbsp;&nbsp;&nbsp;&nbsp; </span></span><!--[endif]-->Untuk menambahkan source code proses ketika button (tombol) Hapus diklik, klik kanan pada button Hapus, pilih Events <span style=\"font-family: Webdings; mso-ascii-font-family: Calibri; mso-ascii-theme-font: minor-latin; mso-hansi-font-family: Calibri; mso-hansi-theme-font: minor-latin; mso-char-type: symbol; mso-symbol-font-family: Webdings;\">4</span> Action <span style=\"font-family: Webdings; mso-ascii-font-family: Calibri; mso-ascii-theme-font: minor-latin; mso-hansi-font-family: Calibri; mso-hansi-theme-font: minor-latin; mso-char-type: symbol; mso-symbol-font-family: Webdings;\">4</span>&nbsp; actionPerformed</p>\r\n<p class=\"MsoNormal\" style=\"margin-left: .5in; text-indent: -.25in; mso-list: l0 level1 lfo1; tab-stops: list .5in;\"><!-- [if !supportLists]--><span style=\"font-family: \'Arial\',\'sans-serif\'; mso-fareast-font-family: Arial;\">&bull;<span style=\"font-stretch: normal; font-size: 7pt; font-family: \'Times New Roman\';\">&nbsp;&nbsp;&nbsp;&nbsp;&nbsp;&nbsp; </span></span><!--[endif]-->Di dalam metode hapusButtonActionPerformed tambahkan source code sehingga seperti di bawah ini</p>\r\n<p>&nbsp;</p>\r\n<p class=\"MsoNormal\">&nbsp;</p>','2016-03-23 18:34:16','Buatlah seperti keseluruhan (aplikasi konsol dan Gui) dari tutorial tersebut dengan nama anda?','1'),(37,65,'judul tutorial','intro tutorial','<p>isi tutorial</p>','2016-04-09 08:23:35','latihan tutorial','1');

/*!40101 SET SQL_MODE=@OLD_SQL_MODE */;
/*!40014 SET FOREIGN_KEY_CHECKS=@OLD_FOREIGN_KEY_CHECKS */;
/*!40014 SET UNIQUE_CHECKS=@OLD_UNIQUE_CHECKS */;
/*!40111 SET SQL_NOTES=@OLD_SQL_NOTES */;
